Workbook

Sheet 설정
A1: ⚙️ 설정 (Settings) — 🟡 노란칸만 입력하면 모든 시트가 자동 계산됩니다
A3: 항목 | B3: 값 | C3: 설명
A4: 일 광고예산(원) | B4: 40000 | C4: 당근 광고에 하루 쓰는 예산
A5: 예상 일판매건수 | B5: 15 | C5: 하루 평균 판매 건수 (↑ 올릴수록 건당 광고비 ↓)
A6: 광고비/건(원) | B6: =IF(B5=0,0,B4/B5) | C6: 자동계산 = 일광고예산 ÷ 예상 일판매건수
A7: 당근 수수료율(%) | B7: 0 | C7: 당근마켓 개인거래는 0%. (당근스토어/비즈는 해당 시 수정)
A8: 목표 마진배수 | B8: 1.15 | C8: 권장판매가 = 원가 × 이 배수 (1.15 = 원가 대비 +15%)
A9: 최소 경고 마진율(%) | B9: 10 | C9: 마진율이 이 값 미만이면 '⚠️주의' 표시
A10: 택배비(원) | B10: 0 | C10: ⚠️ 공급가에 이미 포함 → 0. (우리 회사는 100% 택배, 직거래 안 함)
A12: 📌 원가·마진 계산식 • 변동원가 = 공급가(택배포함) + 광고비/건 • 권장판매가 = MAX(시세, 변동원가 × 목표마진배수) → 시세에 맞추되 원가 밑으론 안 내려감(손해 0) • 마진(원) = 적용판매가 × (1 − 수수료율) − 변동원가 • 택배비는 공급가에 포함 → 별도로 더하지 않습니다.

Sheet 요약
A1: 📊 요약 (Summary)
A3: 🎯 핵심 (이전 세션의 '택배 말고 직거래로 가라' 결론은 폐기) • 공급가에 택배비가 이미 포함 → 별도 택배비를 더하지 않습니다(택배비 = 0). • 우리 회사는 사실상 100% 택배거래 — 직거래는 하지 않습니다. ('직출고'는 산지직출고/드롭배송, 직거래 아님) • 따라서 마진 레버는 ① 광고 효율(일판매건수 ↑ → 건당 광고비 ↓) ② 공급가 대비 마크업(목표 마진배수) ③ 5·10kg 등 단가 높은 중량 위주. • 예) 설정의 '예상 일판매건수'를 15 → 30으로 올리면 건당 광고비가 2,667 → 1,333원으로 반토막.
A10: 상품 | B10: 옵션수 | C10: 평균 마진율 (권장가 기준) | D10: 최저 마진율 | E10: 최고 마진(원) | F10: 비고
A11: 성주참외 | B11: =COUNT('성주참외'!$I$4:$I$18) | C11: =IFERROR(AVERAGE('성주참외'!$J$4:$J$18),"") | D11: =IFERROR(MIN('성주참외'!$J$4:$J$18),"") | E11: =IFERROR(MAX('성주참외'!$I$4:$I$18),"") | F11: 로얄과/소과/가성비 3등급
A12: 미니밤호박(보우짱) | B12: =COUNT('미니밤호박(보우짱)'!$I$4:$I$10) | C12: =IFERROR(AVERAGE('미니밤호박(보우짱)'!$J$4:$J$10),"") | D12: =IFERROR(MIN('미니밤호박(보우짱)'!$J$4:$J$10),"") | E12: =IFERROR(MAX('미니밤호박(보우짱)'!$I$4:$I$10),"") | F12: 단일 등급(로얄과)
A13: 홍감자 | B13: =COUNT('홍감자'!$I$4:$I$23) | C13: =IFERROR(AVERAGE('홍감자'!$J$4:$J$23),"") | D13: =IFERROR(MIN('홍감자'!$J$4:$J$23),"") | E13: =IFERROR(MAX('홍감자'!$I$4:$I$23),"") | F13: 소~왕특 5등급
A14: 콜라비 | B14: =COUNT('콜라비'!$I$4:$I$11) | C14: =IFERROR(AVERAGE('콜라비'!$J$4:$J$11),"") | D14: =IFERROR(MIN('콜라비'!$J$4:$J$11),"") | E14: =IFERROR(MAX('콜라비'!$I$4:$I$11),"") | F14: 공급가 미수령(템플릿)
A15: 쥬얼리프룻 | B15: =COUNT('쥬얼리프룻'!$I$4:$I$11) | C15: =IFERROR(AVERAGE('쥬얼리프룻'!$J$4:$J$11),"") | D15: =IFERROR(MIN('쥬얼리프룻'!$J$4:$J$11),"") | E15: =IFERROR(MAX('쥬얼리프룻'!$I$4:$I$11),"") | F15: 공급가 미수령(템플릿)
A17: ℹ️ 평균 마진율은 '적용판매가 = 권장판매가(원가+15%)' 기준의 기본값입니다. 각 상품 시트의 노란 '시세'칸에 실제 당근 시세를 넣으면 시장가 기준 마진으로 즉시 바뀝니다.

Sheet 성주참외
A1: 🍈 성주참외 마진계산기
A2: 🟡 공급가(매입가, 택배비 포함)만 실제값으로 덮어쓰면 권장판매가·마진이 자동 계산됩니다. · 시세를 입력하면 시장가 기준으로 재계산. · 실중량: 2kg→1.5 / 3kg→2.5 / 5kg→4.5 / 10kg→9kg · 가성비=못난이(깨짐만 보상).
A3: 등급 | B3: 옵션(중량) | C3: 공급가 (원, 택배포함) 🟡 | D3: 시세 (원, 선택) 🟡 | E3: 광고비/건 | F3: 변동원가 | G3: 권장판매가 | H3: 적용판매가 🟡 | I3: 마진(원) | J3: 마진율 | K3: 경고
A4: 로얄과 | B4: 1kg | C4: 4800 | E4: =IF($C4="","",'설정'!$B$6) | F4: =IF($C4="","",$C4+E4) | G4: =IF($C4="","",ROUNDUP(MAX(N(D4),F4*'설정'!$B$8/(1-'설정'!$B$7/100)),-2)) | H4: =IF($C4="","",G4) | I4: =IF($C4="","",H4*(1-'설정'!$B$7/100)-F4) | J4: =IF($C4="","",IF(H4=0,0,I4/H4)) | K4: =IF($C4="","",IF(I4<0,"⚠️손해",IF(J4<'설정'!$B$9/100,"⚠️주의","✅")))
A5: 로얄과 | B5: 2kg | C5: 5900 | E5: =IF($C5="","",'설정'!$B$6) | F5: =IF($C5="","",$C5+E5) | G5: =IF($C5="","",ROUNDUP(MAX(N(D5),F5*'설정'!$B$8/(1-'설정'!$B$7/100)),-2)) | H5: =IF($C5="","",G5) | I5: =IF($C5="","",H5*(1-'설정'!$B$7/100)-F5) | J5: =IF($C5="","",IF(H5=0,0,I5/H5)) | K5: =IF($C5="","",IF(I5<0,"⚠️손해",IF(J5<'설정'!$B$9/100,"⚠️주의","✅")))
A6: 로얄과 | B6: 3kg | C6: 7350 | E6: =IF($C6="","",'설정'!$B$6) | F6: =IF($C6="","",$C6+E6) | G6: =IF($C6="","",ROUNDUP(MAX(N(D6),F6*'설정'!$B$8/(1-'설정'!$B$7/100)),-2)) | H6: =IF($C6="","",G6) | I6: =IF($C6="","",H6*(1-'설정'!$B$7/100)-F6) | J6: =IF($C6="","",IF(H6=0,0,I6/H6)) | K6: =IF($C6="","",IF(I6<0,"⚠️손해",IF(J6<'설정'!$B$9/100,"⚠️주의","✅")))
A7: 로얄과 | B7: 5kg | C7: 10500 | E7: =IF($C7="","",'설정'!$B$6) | F7: =IF($C7="","",$C7+E7) | G7: =IF($C7="","",ROUNDUP(MAX(N(D7),F7*'설정'!$B$8/(1-'설정'!$B$7/100)),-2)) | H7: =IF($C7="","",G7) | I7: =IF($C7="","",H7*(1-'설정'!$B$7/100)-F7) | J7: =IF($C7="","",IF(H7=0,0,I7/H7)) | K7: =IF($C7="","",IF(I7<0,"⚠️손해",IF(J7<'설정'!$B$9/100,"⚠️주의","✅")))
A8: 로얄과 | B8: 10kg | C8: 16900 | E8: =IF($C8="","",'설정'!$B$6) | F8: =IF($C8="","",$C8+E8) | G8: =IF($C8="","",ROUNDUP(MAX(N(D8),F8*'설정'!$B$8/(1-'설정'!$B$7/100)),-2)) | H8: =IF($C8="","",G8) | I8: =IF($C8="","",H8*(1-'설정'!$B$7/100)-F8) | J8: =IF($C8="","",IF(H8=0,0,I8/H8)) | K8: =IF($C8="","",IF(I8<0,"⚠️손해",IF(J8<'설정'!$B$9/100,"⚠️주의","✅")))
A9: 소과 | B9: 1kg | C9: 4600 | E9: =IF($C9="","",'설정'!$B$6) | F9: =IF($C9="","",$C9+E9) | G9: =IF($C9="","",ROUNDUP(MAX(N(D9),F9*'설정'!$B$8/(1-'설정'!$B$7/100)),-2)) | H9: =IF($C9="","",G9) | I9: =IF($C9="","",H9*(1-'설정'!$B$7/100)-F9) | J9: =IF($C9="","",IF(H9=0,0,I9/H9)) | K9: =IF($C9="","",IF(I9<0,"⚠️손해",IF(J9<'설정'!$B$9/100,"⚠️주의","✅")))
A10: 소과 | B10: 2kg | C10: 5600 | E10: =IF($C10="","",'설정'!$B$6) | F10: =IF($C10="","",$C10+E10) | G10: =IF($C10="","",ROUNDUP(MAX(N(D10),F10*'설정'!$B$8/(1-'설정'!$B$7/100)),-2)) | H10: =IF($C10="","",G10) | I10: =IF($C10="","",H10*(1-'설정'!$B$7/100)-F10) | J10: =IF($C10="","",IF(H10=0,0,I10/H10)) | K10: =IF($C10="","",IF(I10<0,"⚠️손해",IF(J10<'설정'!$B$9/100,"⚠️주의","✅")))
A11: 소과 | B11: 3kg | C11: 6850 | E11: =IF($C11="","",'설정'!$B$6) | F11: =IF($C11="","",$C11+E11) | G11: =IF($C11="","",ROUNDUP(MAX(N(D11),F11*'설정'!$B$8/(1-'설정'!$B$7/100)),-2)) | H11: =IF($C11="","",G11) | I11: =IF($C11="","",H11*(1-'설정'!$B$7/100)-F11) | J11: =IF($C11="","",IF(H11=0,0,I11/H11)) | K11: =IF($C11="","",IF(I11<0,"⚠️손해",IF(J11<'설정'!$B$9/100,"⚠️주의","✅")))
A12: 소과 | B12: 5kg | C12: 9600 | E12: =IF($C12="","",'설정'!$B$6) | F12: =IF($C12="","",$C12+E12) | G12: =IF($C12="","",ROUNDUP(MAX(N(D12),F12*'설정'!$B$8/(1-'설정'!$B$7/100)),-2)) | H12: =IF($C12="","",G12) | I12: =IF($C12="","",H12*(1-'설정'!$B$7/100)-F12) | J12: =IF($C12="","",IF(H12=0,0,I12/H12)) | K12: =IF($C12="","",IF(I12<0,"⚠️손해",IF(J12<'설정'!$B$9/100,"⚠️주의","✅")))
A13: 소과 | B13: 10kg | C13: 15900 | E13: =IF($C13="","",'설정'!$B$6) | F13: =IF($C13="","",$C13+E13) | G13: =IF($C13="","",ROUNDUP(MAX(N(D13),F13*'설정'!$B$8/(1-'설정'!$B$7/100)),-2)) | H13: =IF($C13="","",G13) | I13: =IF($C13="","",H13*(1-'설정'!$B$7/100)-F13) | J13: =IF($C13="","",IF(H13=0,0,I13/H13)) | K13: =IF($C13="","",IF(I13<0,"⚠️손해",IF(J13<'설정'!$B$9/100,"⚠️주의","✅")))
A14: 가성비 혼합과 | B14: 1kg | C14: 4500 | E14: =IF($C14="","",'설정'!$B$6) | F14: =IF($C14="","",$C14+E14) | G14: =IF($C14="","",ROUNDUP(MAX(N(D14),F14*'설정'!$B$8/(1-'설정'!$B$7/100)),-2)) | H14: =IF($C14="","",G14) | I14: =IF($C14="","",H14*(1-'설정'!$B$7/100)-F14) | J14: =IF($C14="","",IF(H14=0,0,I14/H14)) | K14: =IF($C14="","",IF(I14<0,"⚠️손해",IF(J14<'설정'!$B$9/100,"⚠️주의","✅")))
A15: 가성비 혼합과 | B15: 2kg | C15: 5300 | E15: =IF($C15="","",'설정'!$B$6) | F15: =IF($C15="","",$C15+E15) | G15: =IF($C15="","",ROUNDUP(MAX(N(D15),F15*'설정'!$B$8/(1-'설정'!$B$7/100)),-2)) | H15: =IF($C15="","",G15) | I15: =IF($C15="","",H15*(1-'설정'!$B$7/100)-F15) | J15: =IF($C15="","",IF(H15=0,0,I15/H15)) | K15: =IF($C15="","",IF(I15<0,"⚠️손해",IF(J15<'설정'!$B$9/100,"⚠️주의","✅")))
... A18: 가성비 혼합과 | B18: 10kg | C18: 11500 | E18: =IF($C18="","",'설정'!$B$6) | F18: =IF($C18="","",$C18+E18) | G18: =IF($C18="","",ROUNDUP(MAX(N(D18),F18*'설정'!$B$8/(1-'설정'!$B$7/100)),-2)) | H18: =IF($C18="","",G18) | I18: =IF($C18="","",H18*(1-'설정'!$B$7/100)-F18) | J18: =IF($C18="","",IF(H18=0,0,I18/H18)) | K18: =IF($C18="","",IF(I18<0,"⚠️손해",IF(J18<'설정'!$B$9/100,"⚠️주의","✅")))

Sheet 미니밤호박(보우짱)
A1: 🎃 미니밤호박(보우짱) 마진계산기
A2: 🟡 공급가(매입가, 택배비 포함)만 실제값으로 덮어쓰면 권장판매가·마진이 자동 계산됩니다. · 시세를 입력하면 시장가 기준으로 재계산. · 제주산 · 한진택배 · 비과세.
A3: 등급 | B3: 옵션(중량) | C3: 공급가 (원, 택배포함) 🟡 | D3: 시세 (원, 선택) 🟡 | E3: 광고비/건 | F3: 변동원가 | G3: 권장판매가 | H3: 적용판매가 🟡 | I3: 마진(원) | J3: 마진율 | K3: 경고
A4: 로얄과 | B4: 1kg | C4: 5600 | E4: =IF($C4="","",'설정'!$B$6) | F4: =IF($C4="","",$C4+E4) | G4: =IF($C4="","",ROUNDUP(MAX(N(D4),F4*'설정'!$B$8/(1-'설정'!$B$7/100)),-2)) | H4: =IF($C4="","",G4) | I4: =IF($C4="","",H4*(1-'설정'!$B$7/100)-F4) | J4: =IF($C4="","",IF(H4=0,0,I4/H4)) | K4: =IF($C4="","",IF(I4<0,"⚠️손해",IF(J4<'설정'!$B$9/100,"⚠️주의","✅")))
A5: 로얄과 | B5: 2kg | C5: 6900 | E5: =IF($C5="","",'설정'!$B$6) | F5: =IF($C5="","",$C5+E5) | G5: =IF($C5="","",ROUNDUP(MAX(N(D5),F5*'설정'!$B$8/(1-'설정'!$B$7/100)),-2)) | H5: =IF($C5="","",G5) | I5: =IF($C5="","",H5*(1-'설정'!$B$7/100)-F5) | J5: =IF($C5="","",IF(H5=0,0,I5/H5)) | K5: =IF($C5="","",IF(I5<0,"⚠️손해",IF(J5<'설정'!$B$9/100,"⚠️주의","✅")))
A6: 로얄과 | B6: 3kg | C6: 8800 | E6: =IF($C6="","",'설정'!$B$6) | F6: =IF($C6="","",$C6+E6) | G6: =IF($C6="","",ROUNDUP(MAX(N(D6),F6*'설정'!$B$8/(1-'설정'!$B$7/100)),-2)) | H6: =IF($C6="","",G6) | I6: =IF($C6="","",H6*(1-'설정'!$B$7/100)-F6) | J6: =IF($C6="","",IF(H6=0,0,I6/H6)) | K6: =IF($C6="","",IF(I6<0,"⚠️손해",IF(J6<'설정'!$B$9/100,"⚠️주의","✅")))
A7: 로얄과 | B7: 4kg | C7: 11200 | E7: =IF($C7="","",'설정'!$B$6) | F7: =IF($C7="","",$C7+E7) | G7: =IF($C7="","",ROUNDUP(MAX(N(D7),F7*'설정'!$B$8/(1-'설정'!$B$7/100)),-2)) | H7: =IF($C7="","",G7) | I7: =IF($C7="","",H7*(1-'설정'!$B$7/100)-F7) | J7: =IF($C7="","",IF(H7=0,0,I7/H7)) | K7: =IF($C7="","",IF(I7<0,"⚠️손해",IF(J7<'설정'!$B$9/100,"⚠️주의","✅")))
A8: 로얄과 | B8: 5kg | C8: 12750 | E8: =IF($C8="","",'설정'!$B$6) | F8: =IF($C8="","",$C8+E8) | G8: =IF($C8="","",ROUNDUP(MAX(N(D8),F8*'설정'!$B$8/(1-'설정'!$B$7/100)),-2)) | H8: =IF($C8="","",G8) | I8: =IF($C8="","",H8*(1-'설정'!$B$7/100)-F8) | J8: =IF($C8="","",IF(H8=0,0,I8/H8)) | K8: =IF($C8="","",IF(I8<0,"⚠️손해",IF(J8<'설정'!$B$9/100,"⚠️주의","✅")))
A9: 로얄과 | B9: 8kg | C9: 18600 | E9: =IF($C9="","",'설정'!$B$6) | F9: =IF($C9="","",$C9+E9) | G9: =IF($C9="","",ROUNDUP(MAX(N(D9),F9*'설정'!$B$8/(1-'설정'!$B$7/100)),-2)) | H9: =IF($C9="","",G9) | I9: =IF($C9="","",H9*(1-'설정'!$B$7/100)-F9) | J9: =IF($C9="","",IF(H9=0,0,I9/H9)) | K9: =IF($C9="","",IF(I9<0,"⚠️손해",IF(J9<'설정'!$B$9/100,"⚠️주의","✅")))
A10: 로얄과 | B10: 10kg | C10: 21300 | E10: =IF($C10="","",'설정'!$B$6) | F10: =IF($C10="","",$C10+E10) | G10: =IF($C10="","",ROUNDUP(MAX(N(D10),F10*'설정'!$B$8/(1-'설정'!$B$7/100)),-2)) | H10: =IF($C10="","",G10) | I10: =IF($C10="","",H10*(1-'설정'!$B$7/100)-F10) | J10: =IF($C10="","",IF(H10=0,0,I10/H10)) | K10: =IF($C10="","",IF(I10<0,"⚠️손해",IF(J10<'설정'!$B$9/100,"⚠️주의","✅")))

Sheet 홍감자
A1: 🥔 홍감자 마진계산기
A2: 🟡 공급가(매입가, 택배비 포함)만 실제값으로 덮어쓰면 권장판매가·마진이 자동 계산됩니다. · 시세를 입력하면 시장가 기준으로 재계산. · 남해 등 국내산 · 롯데택배 · 연중(변동성 있음).
A3: 등급 | B3: 옵션(중량) | C3: 공급가 (원, 택배포함) 🟡 | D3: 시세 (원, 선택) 🟡 | E3: 광고비/건 | F3: 변동원가 | G3: 권장판매가 | H3: 적용판매가 🟡 | I3: 마진(원) | J3: 마진율 | K3: 경고
A4: 소 | B4: 1kg | C4: 4200 | E4: =IF($C4="","",'설정'!$B$6) | F4: =IF($C4="","",$C4+E4) | G4: =IF($C4="","",ROUNDUP(MAX(N(D4),F4*'설정'!$B$8/(1-'설정'!$B$7/100)),-2)) | H4: =IF($C4="","",G4) | I4: =IF($C4="","",H4*(1-'설정'!$B$7/100)-F4) | J4: =IF($C4="","",IF(H4=0,0,I4/H4)) | K4: =IF($C4="","",IF(I4<0,"⚠️손해",IF(J4<'설정'!$B$9/100,"⚠️주의","✅")))
A5: 소 | B5: 2kg | C5: 5500 | E5: =IF($C5="","",'설정'!$B$6) | F5: =IF($C5="","",$C5+E5) | G5: =IF($C5="","",ROUNDUP(MAX(N(D5),F5*'설정'!$B$8/(1-'설정'!$B$7/100)),-2)) | H5: =IF($C5="","",G5) | I5: =IF($C5="","",H5*(1-'설정'!$B$7/100)-F5) | J5: =IF($C5="","",IF(H5=0,0,I5/H5)) | K5: =IF($C5="","",IF(I5<0,"⚠️손해",IF(J5<'설정'!$B$9/100,"⚠️주의","✅")))
A6: 소 | B6: 3kg | C6: 6600 | E6: =IF($C6="","",'설정'!$B$6) | F6: =IF($C6="","",$C6+E6) | G6: =IF($C6="","",ROUNDUP(MAX(N(D6),F6*'설정'!$B$8/(1-'설정'!$B$7/100)),-2)) | H6: =IF($C6="","",G6) | I6: =IF($C6="","",H6*(1-'설정'!$B$7/100)-F6) | J6: =IF($C6="","",IF(H6=0,0,I6/H6)) | K6: =IF($C6="","",IF(I6<0,"⚠️손해",IF(J6<'설정'!$B$9/100,"⚠️주의","✅")))
A7: 소 | B7: 5kg | C7: 9500 | E7: =IF($C7="","",'설정'!$B$6) | F7: =IF($C7="","",$C7+E7) | G7: =IF($C7="","",ROUNDUP(MAX(N(D7),F7*'설정'!$B$8/(1-'설정'!$B$7/100)),-2)) | H7: =IF($C7="","",G7) | I7: =IF($C7="","",H7*(1-'설정'!$B$7/100)-F7) | J7: =IF($C7="","",IF(H7=0,0,I7/H7)) | K7: =IF($C7="","",IF(I7<0,"⚠️손해",IF(J7<'설정'!$B$9/100,"⚠️주의","✅")))
A8: 중 | B8: 1kg | C8: 4300 | E8: =IF($C8="","",'설정'!$B$6) | F8: =IF($C8="","",$C8+E8) | G8: =IF($C8="","",ROUNDUP(MAX(N(D8),F8*'설정'!$B$8/(1-'설정'!$B$7/100)),-2)) | H8: =IF($C8="","",G8) | I8: =IF($C8="","",H8*(1-'설정'!$B$7/100)-F8) | J8: =IF($C8="","",IF(H8=0,0,I8/H8)) | K8: =IF($C8="","",IF(I8<0,"⚠️손해",IF(J8<'설정'!$B$9/100,"⚠️주의","✅")))
A9: 중 | B9: 2kg | C9: 5700 | E9: =IF($C9="","",'설정'!$B$6) | F9: =IF($C9="","",$C9+E9) | G9: =IF($C9="","",ROUNDUP(MAX(N(D9),F9*'설정'!$B$8/(1-'설정'!$B$7/100)),-2)) | H9: =IF($C9="","",G9) | I9: =IF($C9="","",H9*(1-'설정'!$B$7/100)-F9) | J9: =IF($C9="","",IF(H9=0,0,I9/H9)) | K9: =IF($C9="","",IF(I9<0,"⚠️손해",IF(J9<'설정'!$B$9/100,"⚠️주의","✅")))
A10: 중 | B10: 3kg | C10: 6900 | E10: =IF($C10="","",'설정'!$B$6) | F10: =IF($C10="","",$C10+E10) | G10: =IF($C10="","",ROUNDUP(MAX(N(D10),F10*'설정'!$B$8/(1-'설정'!$B$7/100)),-2)) | H10: =IF($C10="","",G10) | I10: =IF($C10="","",H10*(1-'설정'!$B$7/100)-F10) | J10: =IF($C10="","",IF(H10=0,0,I10/H10)) | K10: =IF($C10="","",IF(I10<0,"⚠️손해",IF(J10<'설정'!$B$9/100,"⚠️주의","✅")))
A11: 중 | B11: 5kg | C11: 10000 | E11: =IF($C11="","",'설정'!$B$6) | F11: =IF($C11="","",$C11+E11) | G11: =IF($C11="","",ROUNDUP(MAX(N(D11),F11*'설정'!$B$8/(1-'설정'!$B$7/100)),-2)) | H11: =IF($C11="","",G11) | I11: =IF($C11="","",H11*(1-'설정'!$B$7/100)-F11) | J11: =IF($C11="","",IF(H11=0,0,I11/H11)) | K11: =IF($C11="","",IF(I11<0,"⚠️손해",IF(J11<'설정'!$B$9/100,"⚠️주의","✅")))
A12: 대 | B12: 1kg | C12: 5300 | E12: =IF($C12="","",'설정'!$B$6) | F12: =IF($C12="","",$C12+E12) | G12: =IF($C12="","",ROUNDUP(MAX(N(D12),F12*'설정'!$B$8/(1-'설정'!$B$7/100)),-2)) | H12: =IF($C12="","",G12) | I12: =IF($C12="","",H12*(1-'설정'!$B$7/100)-F12) | J12: =IF($C12="","",IF(H12=0,0,I12/H12)) | K12: =IF($C12="","",IF(I12<0,"⚠️손해",IF(J12<'설정'!$B$9/100,"⚠️주의","✅")))
A13: 대 | B13: 2kg | C13: 6900 | E13: =IF($C13="","",'설정'!$B$6) | F13: =IF($C13="","",$C13+E13) | G13: =IF($C13="","",ROUNDUP(MAX(N(D13),F13*'설정'!$B$8/(1-'설정'!$B$7/100)),-2)) | H13: =IF($C13="","",G13) | I13: =IF($C13="","",H13*(1-'설정'!$B$7/100)-F13) | J13: =IF($C13="","",IF(H13=0,0,I13/H13)) | K13: =IF($C13="","",IF(I13<0,"⚠️손해",IF(J13<'설정'!$B$9/100,"⚠️주의","✅")))
A14: 대 | B14: 3kg | C14: 8400 | E14: =IF($C14="","",'설정'!$B$6) | F14: =IF($C14="","",$C14+E14) | G14: =IF($C14="","",ROUNDUP(MAX(N(D14),F14*'설정'!$B$8/(1-'설정'!$B$7/100)),-2)) | H14: =IF($C14="","",G14) | I14: =IF($C14="","",H14*(1-'설정'!$B$7/100)-F14) | J14: =IF($C14="","",IF(H14=0,0,I14/H14)) | K14: =IF($C14="","",IF(I14<0,"⚠️손해",IF(J14<'설정'!$B$9/100,"⚠️주의","✅")))
A15: 대 | B15: 5kg | C15: 12500 | E15: =IF($C15="","",'설정'!$B$6) | F15: =IF($C15="","",$C15+E15) | G15: =IF($C15="","",ROUNDUP(MAX(N(D15),F15*'설정'!$B$8/(1-'설정'!$B$7/100)),-2)) | H15: =IF($C15="","",G15) | I15: =IF($C15="","",H15*(1-'설정'!$B$7/100)-F15) | J15: =IF($C15="","",IF(H15=0,0,I15/H15)) | K15: =IF($C15="","",IF(I15<0,"⚠️손해",IF(J15<'설정'!$B$9/100,"⚠️주의","✅")))
... A23: 왕특 | B23: 5kg | C23: 18000 | E23: =IF($C23="","",'설정'!$B$6) | F23: =IF($C23="","",$C23+E23) | G23: =IF($C23="","",ROUNDUP(MAX(N(D23),F23*'설정'!$B$8/(1-'설정'!$B$7/100)),-2)) | H23: =IF($C23="","",G23) | I23: =IF($C23="","",H23*(1-'설정'!$B$7/100)-F23) | J23: =IF($C23="","",IF(H23=0,0,I23/H23)) | K23: =IF($C23="","",IF(I23<0,"⚠️손해",IF(J23<'설정'!$B$9/100,"⚠️주의","✅")))

Sheet 콜라비
A1: 🥬 콜라비 마진계산기
A2: 🟡 공급가를 받으면 등급·옵션·공급가만 입력하세요. 나머지는 자동 계산됩니다. (현재 공급가 미수령)
A3: 등급 | B3: 옵션(중량) | C3: 공급가 (원, 택배포함) 🟡 | D3: 시세 (원, 선택) 🟡 | E3: 광고비/건 | F3: 변동원가 | G3: 권장판매가 | H3: 적용판매가 🟡 | I3: 마진(원) | J3: 마진율 | K3: 경고
E4: =IF($C4="","",'설정'!$B$6) | F4: =IF($C4="","",$C4+E4) | G4: =IF($C4="","",ROUNDUP(MAX(N(D4),F4*'설정'!$B$8/(1-'설정'!$B$7/100)),-2)) | H4: =IF($C4="","",G4) | I4: =IF($C4="","",H4*(1-'설정'!$B$7/100)-F4) | J4: =IF($C4="","",IF(H4=0,0,I4/H4)) | K4: =IF($C4="","",IF(I4<0,"⚠️손해",IF(J4<'설정'!$B$9/100,"⚠️주의","✅")))
E5: =IF($C5="","",'설정'!$B$6) | F5: =IF($C5="","",$C5+E5) | G5: =IF($C5="","",ROUNDUP(MAX(N(D5),F5*'설정'!$B$8/(1-'설정'!$B$7/100)),-2)) | H5: =IF($C5="","",G5) | I5: =IF($C5="","",H5*(1-'설정'!$B$7/100)-F5) | J5: =IF($C5="","",IF(H5=0,0,I5/H5)) | K5: =IF($C5="","",IF(I5<0,"⚠️손해",IF(J5<'설정'!$B$9/100,"⚠️주의","✅")))
E6: =IF($C6="","",'설정'!$B$6) | F6: =IF($C6="","",$C6+E6) | G6: =IF($C6="","",ROUNDUP(MAX(N(D6),F6*'설정'!$B$8/(1-'설정'!$B$7/100)),-2)) | H6: =IF($C6="","",G6) | I6: =IF($C6="","",H6*(1-'설정'!$B$7/100)-F6) | J6: =IF($C6="","",IF(H6=0,0,I6/H6)) | K6: =IF($C6="","",IF(I6<0,"⚠️손해",IF(J6<'설정'!$B$9/100,"⚠️주의","✅")))
E7: =IF($C7="","",'설정'!$B$6) | F7: =IF($C7="","",$C7+E7) | G7: =IF($C7="","",ROUNDUP(MAX(N(D7),F7*'설정'!$B$8/(1-'설정'!$B$7/100)),-2)) | H7: =IF($C7="","",G7) | I7: =IF($C7="","",H7*(1-'설정'!$B$7/100)-F7) | J7: =IF($C7="","",IF(H7=0,0,I7/H7)) | K7: =IF($C7="","",IF(I7<0,"⚠️손해",IF(J7<'설정'!$B$9/100,"⚠️주의","✅")))
E8: =IF($C8="","",'설정'!$B$6) | F8: =IF($C8="","",$C8+E8) | G8: =IF($C8="","",ROUNDUP(MAX(N(D8),F8*'설정'!$B$8/(1-'설정'!$B$7/100)),-2)) | H8: =IF($C8="","",G8) | I8: =IF($C8="","",H8*(1-'설정'!$B$7/100)-F8) | J8: =IF($C8="","",IF(H8=0,0,I8/H8)) | K8: =IF($C8="","",IF(I8<0,"⚠️손해",IF(J8<'설정'!$B$9/100,"⚠️주의","✅")))
E9: =IF($C9="","",'설정'!$B$6) | F9: =IF($C9="","",$C9+E9) | G9: =IF($C9="","",ROUNDUP(MAX(N(D9),F9*'설정'!$B$8/(1-'설정'!$B$7/100)),-2)) | H9: =IF($C9="","",G9) | I9: =IF($C9="","",H9*(1-'설정'!$B$7/100)-F9) | J9: =IF($C9="","",IF(H9=0,0,I9/H9)) | K9: =IF($C9="","",IF(I9<0,"⚠️손해",IF(J9<'설정'!$B$9/100,"⚠️주의","✅")))
E10: =IF($C10="","",'설정'!$B$6) | F10: =IF($C10="","",$C10+E10) | G10: =IF($C10="","",ROUNDUP(MAX(N(D10),F10*'설정'!$B$8/(1-'설정'!$B$7/100)),-2)) | H10: =IF($C10="","",G10) | I10: =IF($C10="","",H10*(1-'설정'!$B$7/100)-F10) | J10: =IF($C10="","",IF(H10=0,0,I10/H10)) | K10: =IF($C10="","",IF(I10<0,"⚠️손해",IF(J10<'설정'!$B$9/100,"⚠️주의","✅")))
E11: =IF($C11="","",'설정'!$B$6) | F11: =IF($C11="","",$C11+E11) | G11: =IF($C11="","",ROUNDUP(MAX(N(D11),F11*'설정'!$B$8/(1-'설정'!$B$7/100)),-2)) | H11: =IF($C11="","",G11) | I11: =IF($C11="","",H11*(1-'설정'!$B$7/100)-F11) | J11: =IF($C11="","",IF(H11=0,0,I11/H11)) | K11: =IF($C11="","",IF(I11<0,"⚠️손해",IF(J11<'설정'!$B$9/100,"⚠️주의","✅")))

Sheet 쥬얼리프룻
A1: 🍇 쥬얼리프룻 마진계산기
A2: 🟡 공급가를 받으면 등급·옵션·공급가만 입력하세요. 나머지는 자동 계산됩니다. (현재 공급가 미수령)
A3: 등급 | B3: 옵션(중량) | C3: 공급가 (원, 택배포함) 🟡 | D3: 시세 (원, 선택) 🟡 | E3: 광고비/건 | F3: 변동원가 | G3: 권장판매가 | H3: 적용판매가 🟡 | I3: 마진(원) | J3: 마진율 | K3: 경고
E4: =IF($C4="","",'설정'!$B$6) | F4: =IF($C4="","",$C4+E4) | G4: =IF($C4="","",ROUNDUP(MAX(N(D4),F4*'설정'!$B$8/(1-'설정'!$B$7/100)),-2)) | H4: =IF($C4="","",G4) | I4: =IF($C4="","",H4*(1-'설정'!$B$7/100)-F4) | J4: =IF($C4="","",IF(H4=0,0,I4/H4)) | K4: =IF($C4="","",IF(I4<0,"⚠️손해",IF(J4<'설정'!$B$9/100,"⚠️주의","✅")))
E5: =IF($C5="","",'설정'!$B$6) | F5: =IF($C5="","",$C5+E5) | G5: =IF($C5="","",ROUNDUP(MAX(N(D5),F5*'설정'!$B$8/(1-'설정'!$B$7/100)),-2)) | H5: =IF($C5="","",G5) | I5: =IF($C5="","",H5*(1-'설정'!$B$7/100)-F5) | J5: =IF($C5="","",IF(H5=0,0,I5/H5)) | K5: =IF($C5="","",IF(I5<0,"⚠️손해",IF(J5<'설정'!$B$9/100,"⚠️주의","✅")))
E6: =IF($C6="","",'설정'!$B$6) | F6: =IF($C6="","",$C6+E6) | G6: =IF($C6="","",ROUNDUP(MAX(N(D6),F6*'설정'!$B$8/(1-'설정'!$B$7/100)),-2)) | H6: =IF($C6="","",G6) | I6: =IF($C6="","",H6*(1-'설정'!$B$7/100)-F6) | J6: =IF($C6="","",IF(H6=0,0,I6/H6)) | K6: =IF($C6="","",IF(I6<0,"⚠️손해",IF(J6<'설정'!$B$9/100,"⚠️주의","✅")))
E7: =IF($C7="","",'설정'!$B$6) | F7: =IF($C7="","",$C7+E7) | G7: =IF($C7="","",ROUNDUP(MAX(N(D7),F7*'설정'!$B$8/(1-'설정'!$B$7/100)),-2)) | H7: =IF($C7="","",G7) | I7: =IF($C7="","",H7*(1-'설정'!$B$7/100)-F7) | J7: =IF($C7="","",IF(H7=0,0,I7/H7)) | K7: =IF($C7="","",IF(I7<0,"⚠️손해",IF(J7<'설정'!$B$9/100,"⚠️주의","✅")))
E8: =IF($C8="","",'설정'!$B$6) | F8: =IF($C8="","",$C8+E8) | G8: =IF($C8="","",ROUNDUP(MAX(N(D8),F8*'설정'!$B$8/(1-'설정'!$B$7/100)),-2)) | H8: =IF($C8="","",G8) | I8: =IF($C8="","",H8*(1-'설정'!$B$7/100)-F8) | J8: =IF($C8="","",IF(H8=0,0,I8/H8)) | K8: =IF($C8="","",IF(I8<0,"⚠️손해",IF(J8<'설정'!$B$9/100,"⚠️주의","✅")))
E9: =IF($C9="","",'설정'!$B$6) | F9: =IF($C9="","",$C9+E9) | G9: =IF($C9="","",ROUNDUP(MAX(N(D9),F9*'설정'!$B$8/(1-'설정'!$B$7/100)),-2)) | H9: =IF($C9="","",G9) | I9: =IF($C9="","",H9*(1-'설정'!$B$7/100)-F9) | J9: =IF($C9="","",IF(H9=0,0,I9/H9)) | K9: =IF($C9="","",IF(I9<0,"⚠️손해",IF(J9<'설정'!$B$9/100,"⚠️주의","✅")))
E10: =IF($C10="","",'설정'!$B$6) | F10: =IF($C10="","",$C10+E10) | G10: =IF($C10="","",ROUNDUP(MAX(N(D10),F10*'설정'!$B$8/(1-'설정'!$B$7/100)),-2)) | H10: =IF($C10="","",G10) | I10: =IF($C10="","",H10*(1-'설정'!$B$7/100)-F10) | J10: =IF($C10="","",IF(H10=0,0,I10/H10)) | K10: =IF($C10="","",IF(I10<0,"⚠️손해",IF(J10<'설정'!$B$9/100,"⚠️주의","✅")))
E11: =IF($C11="","",'설정'!$B$6) | F11: =IF($C11="","",$C11+E11) | G11: =IF($C11="","",ROUNDUP(MAX(N(D11),F11*'설정'!$B$8/(1-'설정'!$B$7/100)),-2)) | H11: =IF($C11="","",G11) | I11: =IF($C11="","",H11*(1-'설정'!$B$7/100)-F11) | J11: =IF($C11="","",IF(H11=0,0,I11/H11)) | K11: =IF($C11="","",IF(I11<0,"⚠️손해",IF(J11<'설정'!$B$9/100,"⚠️주의","✅")))
