Workbook

Sheet 설정
A1: 🥕 당근마켓 마진계산기 — 글로벌 설정
A3: 광고비 (원/일) | B3: 40000 | C3: 하루 광고 예산. 3~5만원 사이로 조정
A4: 예상 일 판매건수 (건/일) | B4: 15 | C4: 이 광고로 하루에 몇 건 팔지 가정
A5: → 건당 광고비 (자동) | B5: =B3/B4 | C5: 광고비÷판매건수. 모든 상품 원가에 더해짐
A6: 기본 포장/부자재 (원/건) | B6: 1500 | C6: 박스·아이스팩·완충재 등
A7: 기본 택배비 (원/건) | B7: 3500 | C7: 직거래면 각 상품시트에서 0으로
A8: 목표 최소 마진율 | B8: 0.15 | C8: 이 마진율 아래로는 권장가가 안 내려감
A10: ── 사용법 ─────────────────────────────
A11: 1) 위 노란칸(광고비·판매건수·포장·택배·목표마진)을 내 상황에 맞게 입력.
A12: 2) 각 상품 시트에서 🟡노란 '공급가'에 실제 매입가를 넣으면 끝.
A13: 3) '당근권장가'가 자동 계산됨 = 시세에 맞추되 원가+목표마진 밑으론 안 내려감(=손해 0).
A14: 4) '마진'이 빨간색(음수)이면 그 가격엔 팔면 손해 → 공급가 재협상/가격 조정.
A16: 🟡노랑=입력칸 🟩연초록=공급가 확정(파일근거) 🟦연파랑=시세(쿠팡) 🟧주황=권장판매가
A18: ⚠️ 당근은 쿠팡 판매수수료(11.66%)가 없음 → 그래서 더 싸게/마진 크게 가능.
A19: 대신 광고비가 변동비처럼 들어가므로 '건당 광고비'로 환산해 원가에 포함시킴.
A21: ❗ 공급가 미확정 품목(성주참외·보우짱·홍감자)은 추정치를 넣어둠 → 실제가로 덮어쓰면 손익 확정.

Sheet 요약
A1: 📊 요약 — 꼭 확인/입력할 것
A3: 상품 | B3: 공급가 상태 | C3: 해야 할 일
A4: 성주참외 | B4: ❌ 추정 | C4: 실제 산지 매입가를 각 kg에 입력
A5: 미니밤호박(보우짱) | B5: ⚠️ 추정 | C5: 쥬얼리프룻 공급가 확정받아 입력
A6: 홍감자 | B6: ❌ 데이터없음 | C6: 공급가·쿠팡 시세 둘 다 확인 입력
A7: 콜라비 | B7: ✅ 확정 | C7: 그대로 사용 가능
A8: 쥬얼리프룻 | B8: ✅ 확정 | C8: 그대로 사용 가능
A11: 핵심: 당근=수수료0 + 광고비(일 3~5만)만 건당 분배. '당근권장가'는 시세에 맞추되 원가+목표마진 아래로는 절대 안 내려가게 자동 계산 → 손해 0.

Sheet 성주참외
A1: 🥕 성주참외 — 당근 마진계산
A2: 🟡공급가=추정치(실매입가로 덮어쓰기). 시세=쿠팡 시장조사(1kg 최저9,110·5kg 최저29,900 등). 직거래시 택배비 0.
A3: 옵션 | B3: 실중량 | C3: 공급가 | D3: 택배비 | E3: 포장비 | F3: 건당광고비 | G3: 총원가 | H3: 시중시세(쿠팡) | I3: 손익분기가 | J3: 당근권장가 | K3: 마진(원) | L3: 마진율 | M3: 비고
A4: 1kg | B4: ~0.9kg | C4: 5500 | D4: ='설정'!$B$7 | E4: ='설정'!$B$6 | F4: ='설정'!$B$5 | G4: =C4+D4+E4+F4 | H4: 9900 | I4: =G4 | J4: =ROUND(MAX(H4,G4*(1+'설정'!$B$8)),-2) | K4: =J4-G4 | L4: =IF(J4=0,0,K4/J4) | M4: =IF(H4<G4,"⚠️시세<원가:공급가 재협상",IF(J4>H4,"권장가>시세(마진확보↑)","✅시세 매칭 OK"))
A5: 2kg | B5: ~1.8kg | C5: 9500 | D5: ='설정'!$B$7 | E5: ='설정'!$B$6 | F5: ='설정'!$B$5 | G5: =C5+D5+E5+F5 | H5: 17900 | I5: =G5 | J5: =ROUND(MAX(H5,G5*(1+'설정'!$B$8)),-2) | K5: =J5-G5 | L5: =IF(J5=0,0,K5/J5) | M5: =IF(H5<G5,"⚠️시세<원가:공급가 재협상",IF(J5>H5,"권장가>시세(마진확보↑)","✅시세 매칭 OK"))
A6: 3kg | B6: ~2.8kg | C6: 12500 | D6: ='설정'!$B$7 | E6: ='설정'!$B$6 | F6: ='설정'!$B$5 | G6: =C6+D6+E6+F6 | H6: 19800 | I6: =G6 | J6: =ROUND(MAX(H6,G6*(1+'설정'!$B$8)),-2) | K6: =J6-G6 | L6: =IF(J6=0,0,K6/J6) | M6: =IF(H6<G6,"⚠️시세<원가:공급가 재협상",IF(J6>H6,"권장가>시세(마진확보↑)","✅시세 매칭 OK"))
A7: 5kg | B7: ~4.8kg | C7: 19000 | D7: ='설정'!$B$7 | E7: ='설정'!$B$6 | F7: ='설정'!$B$5 | G7: =C7+D7+E7+F7 | H7: 29900 | I7: =G7 | J7: =ROUND(MAX(H7,G7*(1+'설정'!$B$8)),-2) | K7: =J7-G7 | L7: =IF(J7=0,0,K7/J7) | M7: =IF(H7<G7,"⚠️시세<원가:공급가 재협상",IF(J7>H7,"권장가>시세(마진확보↑)","✅시세 매칭 OK"))
A8: 10kg | B8: ~9.5kg | C8: 35000 | D8: ='설정'!$B$7 | E8: ='설정'!$B$6 | F8: ='설정'!$B$5 | G8: =C8+D8+E8+F8 | H8: 53000 | I8: =G8 | J8: =ROUND(MAX(H8,G8*(1+'설정'!$B$8)),-2) | K8: =J8-G8 | L8: =IF(J8=0,0,K8/J8) | M8: =IF(H8<G8,"⚠️시세<원가:공급가 재협상",IF(J8>H8,"권장가>시세(마진확보↑)","✅시세 매칭 OK"))

Sheet 미니밤호박(보우짱)
A1: 🥕 미니밤호박(보우짱) — 당근 마진계산
A2: 🟡공급가=추정치(파일엔 '-'/▼표기뿐). 시세=파일 쿠폰가(보우짱 정품). 실중량=실제 무게.
A3: 옵션 | B3: 실중량 | C3: 공급가 | D3: 택배비 | E3: 포장비 | F3: 건당광고비 | G3: 총원가 | H3: 시중시세(쿠팡) | I3: 손익분기가 | J3: 당근권장가 | K3: 마진(원) | L3: 마진율 | M3: 비고
A4: 1kg | B4: 0.8kg | C4: 3500 | D4: ='설정'!$B$7 | E4: ='설정'!$B$6 | F4: ='설정'!$B$5 | G4: =C4+D4+E4+F4 | H4: 5900 | I4: =G4 | J4: =ROUND(MAX(H4,G4*(1+'설정'!$B$8)),-2) | K4: =J4-G4 | L4: =IF(J4=0,0,K4/J4) | M4: =IF(H4<G4,"⚠️시세<원가:공급가 재협상",IF(J4>H4,"권장가>시세(마진확보↑)","✅시세 매칭 OK"))
A5: 2kg | B5: 1.5kg | C5: 4500 | D5: ='설정'!$B$7 | E5: ='설정'!$B$6 | F5: ='설정'!$B$5 | G5: =C5+D5+E5+F5 | H5: 7700 | I5: =G5 | J5: =ROUND(MAX(H5,G5*(1+'설정'!$B$8)),-2) | K5: =J5-G5 | L5: =IF(J5=0,0,K5/J5) | M5: =IF(H5<G5,"⚠️시세<원가:공급가 재협상",IF(J5>H5,"권장가>시세(마진확보↑)","✅시세 매칭 OK"))
A6: 3kg | B6: 2.5kg | C6: 6000 | D6: ='설정'!$B$7 | E6: ='설정'!$B$6 | F6: ='설정'!$B$5 | G6: =C6+D6+E6+F6 | H6: 9800 | I6: =G6 | J6: =ROUND(MAX(H6,G6*(1+'설정'!$B$8)),-2) | K6: =J6-G6 | L6: =IF(J6=0,0,K6/J6) | M6: =IF(H6<G6,"⚠️시세<원가:공급가 재협상",IF(J6>H6,"권장가>시세(마진확보↑)","✅시세 매칭 OK"))
A7: 4kg | B7: 3.5kg | C7: 7500 | D7: ='설정'!$B$7 | E7: ='설정'!$B$6 | F7: ='설정'!$B$5 | G7: =C7+D7+E7+F7 | H7: 12400 | I7: =G7 | J7: =ROUND(MAX(H7,G7*(1+'설정'!$B$8)),-2) | K7: =J7-G7 | L7: =IF(J7=0,0,K7/J7) | M7: =IF(H7<G7,"⚠️시세<원가:공급가 재협상",IF(J7>H7,"권장가>시세(마진확보↑)","✅시세 매칭 OK"))
A8: 5kg | B8: 4.5kg | C8: 9000 | D8: ='설정'!$B$7 | E8: ='설정'!$B$6 | F8: ='설정'!$B$5 | G8: =C8+D8+E8+F8 | H8: 14500 | I8: =G8 | J8: =ROUND(MAX(H8,G8*(1+'설정'!$B$8)),-2) | K8: =J8-G8 | L8: =IF(J8=0,0,K8/J8) | M8: =IF(H8<G8,"⚠️시세<원가:공급가 재협상",IF(J8>H8,"권장가>시세(마진확보↑)","✅시세 매칭 OK"))
A9: 8kg | B9: 7.5kg | C9: 13000 | D9: ='설정'!$B$7 | E9: ='설정'!$B$6 | F9: ='설정'!$B$5 | G9: =C9+D9+E9+F9 | H9: 18900 | I9: =G9 | J9: =ROUND(MAX(H9,G9*(1+'설정'!$B$8)),-2) | K9: =J9-G9 | L9: =IF(J9=0,0,K9/J9) | M9: =IF(H9<G9,"⚠️시세<원가:공급가 재협상",IF(J9>H9,"권장가>시세(마진확보↑)","✅시세 매칭 OK"))
A10: 10kg | B10: 9kg | C10: 16000 | D10: ='설정'!$B$7 | E10: ='설정'!$B$6 | F10: ='설정'!$B$5 | G10: =C10+D10+E10+F10 | H10: 24400 | I10: =G10 | J10: =ROUND(MAX(H10,G10*(1+'설정'!$B$8)),-2) | K10: =J10-G10 | L10: =IF(J10=0,0,K10/J10) | M10: =IF(H10<G10,"⚠️시세<원가:공급가 재협상",IF(J10>H10,"권장가>시세(마진확보↑)","✅시세 매칭 OK"))

Sheet 홍감자
A1: 🥕 홍감자 — 당근 마진계산
A2: ❗파일에 데이터 없음 → 🟡공급가와 🟦시세 모두 추정/입력 필요. 실제 매입가·쿠팡 시세 확인 후 덮어쓰기.
A3: 옵션 | B3: 실중량 | C3: 공급가 | D3: 택배비 | E3: 포장비 | F3: 건당광고비 | G3: 총원가 | H3: 시중시세(쿠팡) | I3: 손익분기가 | J3: 당근권장가 | K3: 마진(원) | L3: 마진율 | M3: 비고
A4: 3kg | C4: 7000 | D4: ='설정'!$B$7 | E4: ='설정'!$B$6 | F4: ='설정'!$B$5 | G4: =C4+D4+E4+F4 | H4: 12000 | I4: =G4 | J4: =ROUND(MAX(H4,G4*(1+'설정'!$B$8)),-2) | K4: =J4-G4 | L4: =IF(J4=0,0,K4/J4) | M4: =IF(H4<G4,"⚠️시세<원가:공급가 재협상",IF(J4>H4,"권장가>시세(마진확보↑)","✅시세 매칭 OK"))
A5: 5kg | C5: 10000 | D5: ='설정'!$B$7 | E5: ='설정'!$B$6 | F5: ='설정'!$B$5 | G5: =C5+D5+E5+F5 | H5: 17000 | I5: =G5 | J5: =ROUND(MAX(H5,G5*(1+'설정'!$B$8)),-2) | K5: =J5-G5 | L5: =IF(J5=0,0,K5/J5) | M5: =IF(H5<G5,"⚠️시세<원가:공급가 재협상",IF(J5>H5,"권장가>시세(마진확보↑)","✅시세 매칭 OK"))
A6: 10kg | C6: 18000 | D6: ='설정'!$B$7 | E6: ='설정'!$B$6 | F6: ='설정'!$B$5 | G6: =C6+D6+E6+F6 | H6: 28000 | I6: =G6 | J6: =ROUND(MAX(H6,G6*(1+'설정'!$B$8)),-2) | K6: =J6-G6 | L6: =IF(J6=0,0,K6/J6) | M6: =IF(H6<G6,"⚠️시세<원가:공급가 재협상",IF(J6>H6,"권장가>시세(마진확보↑)","✅시세 매칭 OK"))

Sheet 콜라비
A1: 🥕 콜라비 — 당근 마진계산
A2: 🟩공급가 확정(소싱현황). 시세=최종쿠폰가(쿠팡). 데이터 근거 있는 품목.
A3: 옵션 | B3: 실중량 | C3: 공급가 | D3: 택배비 | E3: 포장비 | F3: 건당광고비 | G3: 총원가 | H3: 시중시세(쿠팡) | I3: 손익분기가 | J3: 당근권장가 | K3: 마진(원) | L3: 마진율 | M3: 비고
A4: 3kg | C4: 9500 | D4: ='설정'!$B$7 | E4: ='설정'!$B$6 | F4: ='설정'!$B$5 | G4: =C4+D4+E4+F4 | H4: 12420 | I4: =G4 | J4: =ROUND(MAX(H4,G4*(1+'설정'!$B$8)),-2) | K4: =J4-G4 | L4: =IF(J4=0,0,K4/J4) | M4: =IF(H4<G4,"⚠️시세<원가:공급가 재협상",IF(J4>H4,"권장가>시세(마진확보↑)","✅시세 매칭 OK"))
A5: 5kg | C5: 13200 | D5: ='설정'!$B$7 | E5: ='설정'!$B$6 | F5: ='설정'!$B$5 | G5: =C5+D5+E5+F5 | H5: 19050 | I5: =G5 | J5: =ROUND(MAX(H5,G5*(1+'설정'!$B$8)),-2) | K5: =J5-G5 | L5: =IF(J5=0,0,K5/J5) | M5: =IF(H5<G5,"⚠️시세<원가:공급가 재협상",IF(J5>H5,"권장가>시세(마진확보↑)","✅시세 매칭 OK"))
A6: 10kg | C6: 22700 | D6: ='설정'!$B$7 | E6: ='설정'!$B$6 | F6: ='설정'!$B$5 | G6: =C6+D6+E6+F6 | H6: 29390 | I6: =G6 | J6: =ROUND(MAX(H6,G6*(1+'설정'!$B$8)),-2) | K6: =J6-G6 | L6: =IF(J6=0,0,K6/J6) | M6: =IF(H6<G6,"⚠️시세<원가:공급가 재협상",IF(J6>H6,"권장가>시세(마진확보↑)","✅시세 매칭 OK"))

Sheet 쥬얼리프룻(제주다팜)
A1: 🥕 쥬얼리프룻(제주다팜) — 당근 마진계산
A2: 🟩공급가(vip) 확정. 시세=쿠팡 쿠폰가. 쿠팡선 11.66%수수료로 5kg 마진 음수였으나, 당근은 수수료0이라 개선됨.
A3: 옵션 | B3: 실중량 | C3: 공급가 | D3: 택배비 | E3: 포장비 | F3: 건당광고비 | G3: 총원가 | H3: 시중시세(쿠팡) | I3: 손익분기가 | J3: 당근권장가 | K3: 마진(원) | L3: 마진율 | M3: 비고
A4: 1kg정품 | C4: 5600 | D4: ='설정'!$B$7 | E4: ='설정'!$B$6 | F4: ='설정'!$B$5 | G4: =C4+D4+E4+F4 | H4: 10800 | I4: =G4 | J4: =ROUND(MAX(H4,G4*(1+'설정'!$B$8)),-2) | K4: =J4-G4 | L4: =IF(J4=0,0,K4/J4) | M4: =IF(H4<G4,"⚠️시세<원가:공급가 재협상",IF(J4>H4,"권장가>시세(마진확보↑)","✅시세 매칭 OK"))
A5: 2kg정품 | C5: 6900 | D5: ='설정'!$B$7 | E5: ='설정'!$B$6 | F5: ='설정'!$B$5 | G5: =C5+D5+E5+F5 | H5: 14800 | I5: =G5 | J5: =ROUND(MAX(H5,G5*(1+'설정'!$B$8)),-2) | K5: =J5-G5 | L5: =IF(J5=0,0,K5/J5) | M5: =IF(H5<G5,"⚠️시세<원가:공급가 재협상",IF(J5>H5,"권장가>시세(마진확보↑)","✅시세 매칭 OK"))
A6: 3kg정품 | C6: 8800 | D6: ='설정'!$B$7 | E6: ='설정'!$B$6 | F6: ='설정'!$B$5 | G6: =C6+D6+E6+F6 | H6: 15800 | I6: =G6 | J6: =ROUND(MAX(H6,G6*(1+'설정'!$B$8)),-2) | K6: =J6-G6 | L6: =IF(J6=0,0,K6/J6) | M6: =IF(H6<G6,"⚠️시세<원가:공급가 재협상",IF(J6>H6,"권장가>시세(마진확보↑)","✅시세 매칭 OK"))
A7: 5kg정품 | C7: 12750 | D7: ='설정'!$B$7 | E7: ='설정'!$B$6 | F7: ='설정'!$B$5 | G7: =C7+D7+E7+F7 | H7: 19800 | I7: =G7 | J7: =ROUND(MAX(H7,G7*(1+'설정'!$B$8)),-2) | K7: =J7-G7 | L7: =IF(J7=0,0,K7/J7) | M7: =IF(H7<G7,"⚠️시세<원가:공급가 재협상",IF(J7>H7,"권장가>시세(마진확보↑)","✅시세 매칭 OK"))
A8: 10kg정품 | C8: 21300 | D8: ='설정'!$B$7 | E8: ='설정'!$B$6 | F8: ='설정'!$B$5 | G8: =C8+D8+E8+F8 | H8: 38800 | I8: =G8 | J8: =ROUND(MAX(H8,G8*(1+'설정'!$B$8)),-2) | K8: =J8-G8 | L8: =IF(J8=0,0,K8/J8) | M8: =IF(H8<G8,"⚠️시세<원가:공급가 재협상",IF(J8>H8,"권장가>시세(마진확보↑)","✅시세 매칭 OK"))
