Workbook

Sheet 소싱현황
B2: 소싱현황 관리 · 마진계산기 V4 (일반사업자) | P2: ① 노랑칸(판매가·원가·수수료…)을 채우면 마진이 나오고, ② 연두칸(경쟁사 최저가·리뷰·검색량·광고침투율)을 채우면 기회점수와 판정이 나옵니다. ③ 세율·환율·광고믹스는 [가정] 시트에서 한 번에 바꿉니다.
B7: NO | C7: 상품명 | E7: 옵션 | F7: 수량 | G7: 판매가 | H7: 배송비 | I7: 공급가 | J7: 원가(위안) | K7: 수수료(%) | L7: 물류비 | M7: 포장/부자재 | N7: 마케팅 | P7: 수수료 | Q7: 부가세 | R7: 1차 합계 | S7: 소득세 | T7: 기타 | U7: 마진 | V7: 마진율 | X7: 공급처URL | Y7: 공급처URL2 | Z7: 경쟁사URL | AA7: 경쟁사 최저가 | AB7: 경쟁 리뷰중앙 | AC7: 이길만한 경쟁% | AD7: 광고 침투율 | AE7: 월 검색량 | AF7: 손익분기가 | AG7: 가격여유 | AH7: 기회점수 | AI7: 판정
B8: 1 | H8: 0 | I8: =J8*가정!$C$10 | K8: =가정!$C$14 | N8: =IF(가정!$C$25="Y",가정!$C$24,G8*가정!$C$16) | P8: =(G8*K8)+(H8*가정!$C$15) | Q8: =IF(가정!$C$5="간이과세",(G8+H8)*0.015,(G8+H8)/11-((L8+M8+N8+P8)/11)-IF(가정!$C$11="정식통관",I8*가정!$C$12,0)) | R8: =G8+H8-I8-L8-M8-N8-P8-Q8 | S8: =MAX(0,R8)*가정!$C$7 | T8: =G8*가정!$C$17 | U8: =R8-S8-T8 | V8: =IF(G8=0,"",U8/G8) | AF8: =IF((1-K8-가정!$C$16-가정!$C$17-가정!$C$27-1/11)<=0,"",IFERROR((I8+L8+M8)/(1-K8-가정!$C$16-가정!$C$17-가정!$C$27-1/11),"")) | AG8: =IF(OR(AA8="",AF8=""),"",AA8-AF8) | AH8: =IF(G8="","",IFERROR((IF(AE8="",0,가정!$C$31*MIN(1,LOG(AE8+1)/LOG(가정!$C$30)))+IF(AB8="",0,가정!$C$32*(MAX(0,1-AB8/가정!$C$29)*0.6+AC8*0.4))+IF(AD8="",0,가정!$C$33*MAX(0,1-AD8))+IF(V8="",0,가정!$C$34*MIN(1,MAX(0,(V8-가정!$C$27)/(가정!$C$28-가정!$C$27)))))/(IF(AE8="",0,가정!$C$31)+IF(AB8="",0,가정!$C$32)+IF(AD8="",0,가정!$C$33)+IF(V8="",0,가정!$C$34))*100,"")) | AI8: =IF(AH8="","",IF(U8<=0,"역마진",IF(AH8>=가정!$C$35,"GO",IF(AH8>=가정!$C$36,"검토","SKIP"))))
B9: 2 | H9: 0 | I9: =J9*가정!$C$10 | K9: =가정!$C$14 | N9: =IF(가정!$C$25="Y",가정!$C$24,G9*가정!$C$16) | P9: =(G9*K9)+(H9*가정!$C$15) | Q9: =IF(가정!$C$5="간이과세",(G9+H9)*0.015,(G9+H9)/11-((L9+M9+N9+P9)/11)-IF(가정!$C$11="정식통관",I9*가정!$C$12,0)) | R9: =G9+H9-I9-L9-M9-N9-P9-Q9 | S9: =MAX(0,R9)*가정!$C$7 | T9: =G9*가정!$C$17 | U9: =R9-S9-T9 | V9: =IF(G9=0,"",U9/G9) | AF9: =IF((1-K9-가정!$C$16-가정!$C$17-가정!$C$27-1/11)<=0,"",IFERROR((I9+L9+M9)/(1-K9-가정!$C$16-가정!$C$17-가정!$C$27-1/11),"")) | AG9: =IF(OR(AA9="",AF9=""),"",AA9-AF9) | AH9: =IF(G9="","",IFERROR((IF(AE9="",0,가정!$C$31*MIN(1,LOG(AE9+1)/LOG(가정!$C$30)))+IF(AB9="",0,가정!$C$32*(MAX(0,1-AB9/가정!$C$29)*0.6+AC9*0.4))+IF(AD9="",0,가정!$C$33*MAX(0,1-AD9))+IF(V9="",0,가정!$C$34*MIN(1,MAX(0,(V9-가정!$C$27)/(가정!$C$28-가정!$C$27)))))/(IF(AE9="",0,가정!$C$31)+IF(AB9="",0,가정!$C$32)+IF(AD9="",0,가정!$C$33)+IF(V9="",0,가정!$C$34))*100,"")) | AI9: =IF(AH9="","",IF(U9<=0,"역마진",IF(AH9>=가정!$C$35,"GO",IF(AH9>=가정!$C$36,"검토","SKIP"))))
B10: 3 | H10: 0 | I10: =J10*가정!$C$10 | K10: =가정!$C$14 | N10: =IF(가정!$C$25="Y",가정!$C$24,G10*가정!$C$16) | P10: =(G10*K10)+(H10*가정!$C$15) | Q10: =IF(가정!$C$5="간이과세",(G10+H10)*0.015,(G10+H10)/11-((L10+M10+N10+P10)/11)-IF(가정!$C$11="정식통관",I10*가정!$C$12,0)) | R10: =G10+H10-I10-L10-M10-N10-P10-Q10 | S10: =MAX(0,R10)*가정!$C$7 | T10: =G10*가정!$C$17 | U10: =R10-S10-T10 | V10: =IF(G10=0,"",U10/G10) | AF10: =IF((1-K10-가정!$C$16-가정!$C$17-가정!$C$27-1/11)<=0,"",IFERROR((I10+L10+M10)/(1-K10-가정!$C$16-가정!$C$17-가정!$C$27-1/11),"")) | AG10: =IF(OR(AA10="",AF10=""),"",AA10-AF10) | AH10: =IF(G10="","",IFERROR((IF(AE10="",0,가정!$C$31*MIN(1,LOG(AE10+1)/LOG(가정!$C$30)))+IF(AB10="",0,가정!$C$32*(MAX(0,1-AB10/가정!$C$29)*0.6+AC10*0.4))+IF(AD10="",0,가정!$C$33*MAX(0,1-AD10))+IF(V10="",0,가정!$C$34*MIN(1,MAX(0,(V10-가정!$C$27)/(가정!$C$28-가정!$C$27)))))/(IF(AE10="",0,가정!$C$31)+IF(AB10="",0,가정!$C$32)+IF(AD10="",0,가정!$C$33)+IF(V10="",0,가정!$C$34))*100,"")) | AI10: =IF(AH10="","",IF(U10<=0,"역마진",IF(AH10>=가정!$C$35,"GO",IF(AH10>=가정!$C$36,"검토","SKIP"))))
B11: 4 | H11: 0 | I11: =J11*가정!$C$10 | K11: =가정!$C$14 | N11: =IF(가정!$C$25="Y",가정!$C$24,G11*가정!$C$16) | P11: =(G11*K11)+(H11*가정!$C$15) | Q11: =IF(가정!$C$5="간이과세",(G11+H11)*0.015,(G11+H11)/11-((L11+M11+N11+P11)/11)-IF(가정!$C$11="정식통관",I11*가정!$C$12,0)) | R11: =G11+H11-I11-L11-M11-N11-P11-Q11 | S11: =MAX(0,R11)*가정!$C$7 | T11: =G11*가정!$C$17 | U11: =R11-S11-T11 | V11: =IF(G11=0,"",U11/G11) | AF11: =IF((1-K11-가정!$C$16-가정!$C$17-가정!$C$27-1/11)<=0,"",IFERROR((I11+L11+M11)/(1-K11-가정!$C$16-가정!$C$17-가정!$C$27-1/11),"")) | AG11: =IF(OR(AA11="",AF11=""),"",AA11-AF11) | AH11: =IF(G11="","",IFERROR((IF(AE11="",0,가정!$C$31*MIN(1,LOG(AE11+1)/LOG(가정!$C$30)))+IF(AB11="",0,가정!$C$32*(MAX(0,1-AB11/가정!$C$29)*0.6+AC11*0.4))+IF(AD11="",0,가정!$C$33*MAX(0,1-AD11))+IF(V11="",0,가정!$C$34*MIN(1,MAX(0,(V11-가정!$C$27)/(가정!$C$28-가정!$C$27)))))/(IF(AE11="",0,가정!$C$31)+IF(AB11="",0,가정!$C$32)+IF(AD11="",0,가정!$C$33)+IF(V11="",0,가정!$C$34))*100,"")) | AI11: =IF(AH11="","",IF(U11<=0,"역마진",IF(AH11>=가정!$C$35,"GO",IF(AH11>=가정!$C$36,"검토","SKIP"))))
B12: 5 | H12: 0 | I12: =J12*가정!$C$10 | K12: =가정!$C$14 | N12: =IF(가정!$C$25="Y",가정!$C$24,G12*가정!$C$16) | P12: =(G12*K12)+(H12*가정!$C$15) | Q12: =IF(가정!$C$5="간이과세",(G12+H12)*0.015,(G12+H12)/11-((L12+M12+N12+P12)/11)-IF(가정!$C$11="정식통관",I12*가정!$C$12,0)) | R12: =G12+H12-I12-L12-M12-N12-P12-Q12 | S12: =MAX(0,R12)*가정!$C$7 | T12: =G12*가정!$C$17 | U12: =R12-S12-T12 | V12: =IF(G12=0,"",U12/G12) | AF12: =IF((1-K12-가정!$C$16-가정!$C$17-가정!$C$27-1/11)<=0,"",IFERROR((I12+L12+M12)/(1-K12-가정!$C$16-가정!$C$17-가정!$C$27-1/11),"")) | AG12: =IF(OR(AA12="",AF12=""),"",AA12-AF12) | AH12: =IF(G12="","",IFERROR((IF(AE12="",0,가정!$C$31*MIN(1,LOG(AE12+1)/LOG(가정!$C$30)))+IF(AB12="",0,가정!$C$32*(MAX(0,1-AB12/가정!$C$29)*0.6+AC12*0.4))+IF(AD12="",0,가정!$C$33*MAX(0,1-AD12))+IF(V12="",0,가정!$C$34*MIN(1,MAX(0,(V12-가정!$C$27)/(가정!$C$28-가정!$C$27)))))/(IF(AE12="",0,가정!$C$31)+IF(AB12="",0,가정!$C$32)+IF(AD12="",0,가정!$C$33)+IF(V12="",0,가정!$C$34))*100,"")) | AI12: =IF(AH12="","",IF(U12<=0,"역마진",IF(AH12>=가정!$C$35,"GO",IF(AH12>=가정!$C$36,"검토","SKIP"))))
B13: 6 | H13: 0 | I13: =J13*가정!$C$10 | K13: =가정!$C$14 | N13: =IF(가정!$C$25="Y",가정!$C$24,G13*가정!$C$16) | P13: =(G13*K13)+(H13*가정!$C$15) | Q13: =IF(가정!$C$5="간이과세",(G13+H13)*0.015,(G13+H13)/11-((L13+M13+N13+P13)/11)-IF(가정!$C$11="정식통관",I13*가정!$C$12,0)) | R13: =G13+H13-I13-L13-M13-N13-P13-Q13 | S13: =MAX(0,R13)*가정!$C$7 | T13: =G13*가정!$C$17 | U13: =R13-S13-T13 | V13: =IF(G13=0,"",U13/G13) | AF13: =IF((1-K13-가정!$C$16-가정!$C$17-가정!$C$27-1/11)<=0,"",IFERROR((I13+L13+M13)/(1-K13-가정!$C$16-가정!$C$17-가정!$C$27-1/11),"")) | AG13: =IF(OR(AA13="",AF13=""),"",AA13-AF13) | AH13: =IF(G13="","",IFERROR((IF(AE13="",0,가정!$C$31*MIN(1,LOG(AE13+1)/LOG(가정!$C$30)))+IF(AB13="",0,가정!$C$32*(MAX(0,1-AB13/가정!$C$29)*0.6+AC13*0.4))+IF(AD13="",0,가정!$C$33*MAX(0,1-AD13))+IF(V13="",0,가정!$C$34*MIN(1,MAX(0,(V13-가정!$C$27)/(가정!$C$28-가정!$C$27)))))/(IF(AE13="",0,가정!$C$31)+IF(AB13="",0,가정!$C$32)+IF(AD13="",0,가정!$C$33)+IF(V13="",0,가정!$C$34))*100,"")) | AI13: =IF(AH13="","",IF(U13<=0,"역마진",IF(AH13>=가정!$C$35,"GO",IF(AH13>=가정!$C$36,"검토","SKIP"))))
B14: 7 | H14: 0 | I14: =J14*가정!$C$10 | K14: =가정!$C$14 | N14: =IF(가정!$C$25="Y",가정!$C$24,G14*가정!$C$16) | P14: =(G14*K14)+(H14*가정!$C$15) | Q14: =IF(가정!$C$5="간이과세",(G14+H14)*0.015,(G14+H14)/11-((L14+M14+N14+P14)/11)-IF(가정!$C$11="정식통관",I14*가정!$C$12,0)) | R14: =G14+H14-I14-L14-M14-N14-P14-Q14 | S14: =MAX(0,R14)*가정!$C$7 | T14: =G14*가정!$C$17 | U14: =R14-S14-T14 | V14: =IF(G14=0,"",U14/G14) | AF14: =IF((1-K14-가정!$C$16-가정!$C$17-가정!$C$27-1/11)<=0,"",IFERROR((I14+L14+M14)/(1-K14-가정!$C$16-가정!$C$17-가정!$C$27-1/11),"")) | AG14: =IF(OR(AA14="",AF14=""),"",AA14-AF14) | AH14: =IF(G14="","",IFERROR((IF(AE14="",0,가정!$C$31*MIN(1,LOG(AE14+1)/LOG(가정!$C$30)))+IF(AB14="",0,가정!$C$32*(MAX(0,1-AB14/가정!$C$29)*0.6+AC14*0.4))+IF(AD14="",0,가정!$C$33*MAX(0,1-AD14))+IF(V14="",0,가정!$C$34*MIN(1,MAX(0,(V14-가정!$C$27)/(가정!$C$28-가정!$C$27)))))/(IF(AE14="",0,가정!$C$31)+IF(AB14="",0,가정!$C$32)+IF(AD14="",0,가정!$C$33)+IF(V14="",0,가정!$C$34))*100,"")) | AI14: =IF(AH14="","",IF(U14<=0,"역마진",IF(AH14>=가정!$C$35,"GO",IF(AH14>=가정!$C$36,"검토","SKIP"))))
B15: 8 | H15: 0 | I15: =J15*가정!$C$10 | K15: =가정!$C$14 | N15: =IF(가정!$C$25="Y",가정!$C$24,G15*가정!$C$16) | P15: =(G15*K15)+(H15*가정!$C$15) | Q15: =IF(가정!$C$5="간이과세",(G15+H15)*0.015,(G15+H15)/11-((L15+M15+N15+P15)/11)-IF(가정!$C$11="정식통관",I15*가정!$C$12,0)) | R15: =G15+H15-I15-L15-M15-N15-P15-Q15 | S15: =MAX(0,R15)*가정!$C$7 | T15: =G15*가정!$C$17 | U15: =R15-S15-T15 | V15: =IF(G15=0,"",U15/G15) | AF15: =IF((1-K15-가정!$C$16-가정!$C$17-가정!$C$27-1/11)<=0,"",IFERROR((I15+L15+M15)/(1-K15-가정!$C$16-가정!$C$17-가정!$C$27-1/11),"")) | AG15: =IF(OR(AA15="",AF15=""),"",AA15-AF15) | AH15: =IF(G15="","",IFERROR((IF(AE15="",0,가정!$C$31*MIN(1,LOG(AE15+1)/LOG(가정!$C$30)))+IF(AB15="",0,가정!$C$32*(MAX(0,1-AB15/가정!$C$29)*0.6+AC15*0.4))+IF(AD15="",0,가정!$C$33*MAX(0,1-AD15))+IF(V15="",0,가정!$C$34*MIN(1,MAX(0,(V15-가정!$C$27)/(가정!$C$28-가정!$C$27)))))/(IF(AE15="",0,가정!$C$31)+IF(AB15="",0,가정!$C$32)+IF(AD15="",0,가정!$C$33)+IF(V15="",0,가정!$C$34))*100,"")) | AI15: =IF(AH15="","",IF(U15<=0,"역마진",IF(AH15>=가정!$C$35,"GO",IF(AH15>=가정!$C$36,"검토","SKIP"))))
B16: 9 | H16: 0 | I16: =J16*가정!$C$10 | K16: =가정!$C$14 | N16: =IF(가정!$C$25="Y",가정!$C$24,G16*가정!$C$16) | P16: =(G16*K16)+(H16*가정!$C$15) | Q16: =IF(가정!$C$5="간이과세",(G16+H16)*0.015,(G16+H16)/11-((L16+M16+N16+P16)/11)-IF(가정!$C$11="정식통관",I16*가정!$C$12,0)) | R16: =G16+H16-I16-L16-M16-N16-P16-Q16 | S16: =MAX(0,R16)*가정!$C$7 | T16: =G16*가정!$C$17 | U16: =R16-S16-T16 | V16: =IF(G16=0,"",U16/G16) | AF16: =IF((1-K16-가정!$C$16-가정!$C$17-가정!$C$27-1/11)<=0,"",IFERROR((I16+L16+M16)/(1-K16-가정!$C$16-가정!$C$17-가정!$C$27-1/11),"")) | AG16: =IF(OR(AA16="",AF16=""),"",AA16-AF16) | AH16: =IF(G16="","",IFERROR((IF(AE16="",0,가정!$C$31*MIN(1,LOG(AE16+1)/LOG(가정!$C$30)))+IF(AB16="",0,가정!$C$32*(MAX(0,1-AB16/가정!$C$29)*0.6+AC16*0.4))+IF(AD16="",0,가정!$C$33*MAX(0,1-AD16))+IF(V16="",0,가정!$C$34*MIN(1,MAX(0,(V16-가정!$C$27)/(가정!$C$28-가정!$C$27)))))/(IF(AE16="",0,가정!$C$31)+IF(AB16="",0,가정!$C$32)+IF(AD16="",0,가정!$C$33)+IF(V16="",0,가정!$C$34))*100,"")) | AI16: =IF(AH16="","",IF(U16<=0,"역마진",IF(AH16>=가정!$C$35,"GO",IF(AH16>=가정!$C$36,"검토","SKIP"))))
B17: 10 | H17: 0 | I17: =J17*가정!$C$10 | K17: =가정!$C$14 | N17: =IF(가정!$C$25="Y",가정!$C$24,G17*가정!$C$16) | P17: =(G17*K17)+(H17*가정!$C$15) | Q17: =IF(가정!$C$5="간이과세",(G17+H17)*0.015,(G17+H17)/11-((L17+M17+N17+P17)/11)-IF(가정!$C$11="정식통관",I17*가정!$C$12,0)) | R17: =G17+H17-I17-L17-M17-N17-P17-Q17 | S17: =MAX(0,R17)*가정!$C$7 | T17: =G17*가정!$C$17 | U17: =R17-S17-T17 | V17: =IF(G17=0,"",U17/G17) | AF17: =IF((1-K17-가정!$C$16-가정!$C$17-가정!$C$27-1/11)<=0,"",IFERROR((I17+L17+M17)/(1-K17-가정!$C$16-가정!$C$17-가정!$C$27-1/11),"")) | AG17: =IF(OR(AA17="",AF17=""),"",AA17-AF17) | AH17: =IF(G17="","",IFERROR((IF(AE17="",0,가정!$C$31*MIN(1,LOG(AE17+1)/LOG(가정!$C$30)))+IF(AB17="",0,가정!$C$32*(MAX(0,1-AB17/가정!$C$29)*0.6+AC17*0.4))+IF(AD17="",0,가정!$C$33*MAX(0,1-AD17))+IF(V17="",0,가정!$C$34*MIN(1,MAX(0,(V17-가정!$C$27)/(가정!$C$28-가정!$C$27)))))/(IF(AE17="",0,가정!$C$31)+IF(AB17="",0,가정!$C$32)+IF(AD17="",0,가정!$C$33)+IF(V17="",0,가정!$C$34))*100,"")) | AI17: =IF(AH17="","",IF(U17<=0,"역마진",IF(AH17>=가정!$C$35,"GO",IF(AH17>=가정!$C$36,"검토","SKIP"))))
B18: 11 | H18: 0 | I18: =J18*가정!$C$10 | K18: =가정!$C$14 | N18: =IF(가정!$C$25="Y",가정!$C$24,G18*가정!$C$16) | P18: =(G18*K18)+(H18*가정!$C$15) | Q18: =IF(가정!$C$5="간이과세",(G18+H18)*0.015,(G18+H18)/11-((L18+M18+N18+P18)/11)-IF(가정!$C$11="정식통관",I18*가정!$C$12,0)) | R18: =G18+H18-I18-L18-M18-N18-P18-Q18 | S18: =MAX(0,R18)*가정!$C$7 | T18: =G18*가정!$C$17 | U18: =R18-S18-T18 | V18: =IF(G18=0,"",U18/G18) | AF18: =IF((1-K18-가정!$C$16-가정!$C$17-가정!$C$27-1/11)<=0,"",IFERROR((I18+L18+M18)/(1-K18-가정!$C$16-가정!$C$17-가정!$C$27-1/11),"")) | AG18: =IF(OR(AA18="",AF18=""),"",AA18-AF18) | AH18: =IF(G18="","",IFERROR((IF(AE18="",0,가정!$C$31*MIN(1,LOG(AE18+1)/LOG(가정!$C$30)))+IF(AB18="",0,가정!$C$32*(MAX(0,1-AB18/가정!$C$29)*0.6+AC18*0.4))+IF(AD18="",0,가정!$C$33*MAX(0,1-AD18))+IF(V18="",0,가정!$C$34*MIN(1,MAX(0,(V18-가정!$C$27)/(가정!$C$28-가정!$C$27)))))/(IF(AE18="",0,가정!$C$31)+IF(AB18="",0,가정!$C$32)+IF(AD18="",0,가정!$C$33)+IF(V18="",0,가정!$C$34))*100,"")) | AI18: =IF(AH18="","",IF(U18<=0,"역마진",IF(AH18>=가정!$C$35,"GO",IF(AH18>=가정!$C$36,"검토","SKIP"))))
B19: 12 | H19: 0 | I19: =J19*가정!$C$10 | K19: =가정!$C$14 | N19: =IF(가정!$C$25="Y",가정!$C$24,G19*가정!$C$16) | P19: =(G19*K19)+(H19*가정!$C$15) | Q19: =IF(가정!$C$5="간이과세",(G19+H19)*0.015,(G19+H19)/11-((L19+M19+N19+P19)/11)-IF(가정!$C$11="정식통관",I19*가정!$C$12,0)) | R19: =G19+H19-I19-L19-M19-N19-P19-Q19 | S19: =MAX(0,R19)*가정!$C$7 | T19: =G19*가정!$C$17 | U19: =R19-S19-T19 | V19: =IF(G19=0,"",U19/G19) | AF19: =IF((1-K19-가정!$C$16-가정!$C$17-가정!$C$27-1/11)<=0,"",IFERROR((I19+L19+M19)/(1-K19-가정!$C$16-가정!$C$17-가정!$C$27-1/11),"")) | AG19: =IF(OR(AA19="",AF19=""),"",AA19-AF19) | AH19: =IF(G19="","",IFERROR((IF(AE19="",0,가정!$C$31*MIN(1,LOG(AE19+1)/LOG(가정!$C$30)))+IF(AB19="",0,가정!$C$32*(MAX(0,1-AB19/가정!$C$29)*0.6+AC19*0.4))+IF(AD19="",0,가정!$C$33*MAX(0,1-AD19))+IF(V19="",0,가정!$C$34*MIN(1,MAX(0,(V19-가정!$C$27)/(가정!$C$28-가정!$C$27)))))/(IF(AE19="",0,가정!$C$31)+IF(AB19="",0,가정!$C$32)+IF(AD19="",0,가정!$C$33)+IF(V19="",0,가정!$C$34))*100,"")) | AI19: =IF(AH19="","",IF(U19<=0,"역마진",IF(AH19>=가정!$C$35,"GO",IF(AH19>=가정!$C$36,"검토","SKIP"))))
... B207: 200 | H207: 0 | I207: =J207*가정!$C$10 | K207: =가정!$C$14 | N207: =IF(가정!$C$25="Y",가정!$C$24,G207*가정!$C$16) | P207: =(G207*K207)+(H207*가정!$C$15) | Q207: =IF(가정!$C$5="간이과세",(G207+H207)*0.015,(G207+H207)/11-((L207+M207+N207+P207)/11)-IF(가정!$C$11="정식통관",I207*가정!$C$12,0)) | R207: =G207+H207-I207-L207-M207-N207-P207-Q207 | S207: =MAX(0,R207)*가정!$C$7 | T207: =G207*가정!$C$17 | U207: =R207-S207-T207 | V207: =IF(G207=0,"",U207/G207) | AF207: =IF((1-K207-가정!$C$16-가정!$C$17-가정!$C$27-1/11)<=0,"",IFERROR((I207+L207+M207)/(1-K207-가정!$C$16-가정!$C$17-가정!$C$27-1/11),"")) | AG207: =IF(OR(AA207="",AF207=""),"",AA207-AF207) | AH207: =IF(G207="","",IFERROR((IF(AE207="",0,가정!$C$31*MIN(1,LOG(AE207+1)/LOG(가정!$C$30)))+IF(AB207="",0,가정!$C$32*(MAX(0,1-AB207/가정!$C$29)*0.6+AC207*0.4))+IF(AD207="",0,가정!$C$33*MAX(0,1-AD207))+IF(V207="",0,가정!$C$34*MIN(1,MAX(0,(V207-가정!$C$27)/(가정!$C$28-가정!$C$27)))))/(IF(AE207="",0,가정!$C$31)+IF(AB207="",0,가정!$C$32)+IF(AD207="",0,가정!$C$33)+IF(V207="",0,가정!$C$34))*100,"")) | AI207: =IF(AH207="","",IF(U207<=0,"역마진",IF(AH207>=가정!$C$35,"GO",IF(AH207>=가정!$C$36,"검토","SKIP"))))
B209: 요약 / 목표
B210: 등록 상품 수 | D210: =COUNTA(C8:C207)
B211: GO 판정 수 | D211: =COUNTIF(AI8:AI207,"GO")
B212: 검토 판정 수 | D212: =COUNTIF(AI8:AI207,"검토")
B213: 역마진 수 | D213: =COUNTIF(AI8:AI207,"역마진")
B214: 평균 마진율 | D214: =IFERROR(AVERAGE(V8:V207),"")
B215: 최고 기회점수 | D215: =IFERROR(MAX(AH8:AH207),"")
B216: 월 목표 이익(원) | D216: =가정!$C$38
B217: → 최고마진 상품 기준 월 필요 판매수 | D217: =IFERROR(가정!$C$38/MAX(U8:U207),"")
B218: → 일 필요 판매수 | D218: =IFERROR(가정!$C$38/MAX(U8:U207)/30,"")

Sheet 가정
B2: 가정 (여기만 고치면 전체 계산이 바뀝니다)
B4: ① 사업자 / 세금
B5: 사업자 유형 | C5: 일반과세 | D5: 일반과세 / 간이과세 중 입력. 간이과세는 부가세를 매출×1.5%로 근사
B6: 예상 연 과세표준(원) | C6: 50000000 | D6: 이 값으로 종합소득세 한계세율이 자동 결정됩니다(세율표 시트)
B7: → 적용 소득세율(지방포함) | C7: =IFERROR(INDEX(세율표!$E$4:$E$11,MATCH($C$6,세율표!$B$4:$B$11,1)),0) | D7: 자동 계산: 종합소득세 + 지방소득세 10%
B8: 부가가치세율 | C8: 0.1 | D8: 기본 10%
B9: ② 수입 / 원가
B10: 환율 CNY→KRW (체감) | C10: 300 | D10: 원본 V3의 '=원가×300' 관례 유지. 실환율(≈195)에 국제운임·관세·통관을 얹은 체감환율
B11: 수입 통관 방식 | C11: 정식통관 | D11: 정식통관 / 구매대행. 정식통관이면 수입부가세를 매입세액으로 공제
B12: 수입 매입세액 공제율 | C12: 0.1 | D12: 정식통관 시 공급가 대비 공제율(≈10%). 구매대행·직송금이면 공제 0
B13: ③ 쿠팡 수수료 / 비용
B14: 판매수수료 기본(%) | C14: 0.108 | D14: 카테고리별 4~10.8%. 상품별로 K열에서 덮어쓸 수 있음
B15: 배송비 수수료율 | C15: 0.0363 | D15: 원본 V3의 3.63% 유지(배송비에 부과되는 수수료)
B16: 마케팅(광고) 기본(%) | C16: 0.15 | D16: 원본 V3의 '=판매가×15%' 유지. ⚠️ 전량 광고판매 가정이면 과대 — 아래 광고믹스 참고
B17: 기타 비용(%) | C17: 0.03 | D17: 원본 V3의 '=판매가×3%' 유지(반품·잡비 등)
B18: 반품율 | C18: 0.02 | D18: 참고용(마케팅·기타에 이미 반영돼 있으면 중복 주의)
B19: ④ 광고 믹스 (무광고 판매 가능성 판단)
B20: 광고 CPC(원) | C20: 300 | D20: 쿠팡 광고 클릭당 비용
B21: 전환율 | C21: 0.02 | D21: 클릭 대비 구매 전환율
B22: → 광고 판매 1건당 광고비 | C22: =IFERROR($C$20/$C$21,0) | D22: =CPC ÷ 전환율. 전량 광고로 팔면 이 금액이 개당 광고비
B23: 광고 판매 비중 | C23: 0.2 | D23: 전체 판매 중 광고로 팔리는 비율. 낮출수록 실질 광고비↓ (오가닉 확보가 핵심)
B24: → 개당 실질 광고비 | C24: =$C$22*$C$23 | D24: =건당 광고비 × 광고 판매 비중. N열(마케팅) 대신 쓰려면 아래 스위치 ON
B25: 마케팅에 광고믹스 사용 | C25: N | D25: Y면 마케팅 = 위 '개당 실질 광고비', N이면 마케팅 = 판매가×마케팅%
B26: ⑤ 소싱 판정 기준
B27: 마진 안전선 | C27: 0.1 | D27: 이 아래면 '위험'
B28: 마진 우수선 | C28: 0.3 | D28: 이 이상이면 마진점수 만점
B29: 리뷰 상한(경쟁 과열) | C29: 300 | D29: 경쟁사 리뷰 중앙값이 이 이상이면 진입점수 0
B30: 검색량 포화점 | C30: 50000 | D30: 월 검색량이 이 값이면 수요점수 만점
B31: 가중치·수요 | C31: 0.3 | D31: 합이 1이 되도록
B32: 가중치·진입용이 | C32: 0.3 | D32: 리뷰 낮고 이길만한 경쟁자 많을수록
B33: 가중치·저광고 | C33: 0.15 | D33: 광고 침투율이 낮을수록
B34: 가중치·마진 | C34: 0.25 | D34: 마진율이 높을수록
B35: GO 기준 점수 | C35: 65 | D35: 이 이상이면 GO
B36: 검토 기준 점수 | C36: 45 | D36: 이 이상이면 검토, 미만이면 SKIP
B37: ⑥ 목표
B38: 월 목표 이익(원) | C38: 500000 | D38: 원본 V3의 '월 목표금액' 계승
B40: 색상 범례
B41: 직접 입력 | D41: 노랑 = 여기를 채우세요
B42: 소싱 입력 | D42: 연두 = 경쟁사 조사값 (소싱현황 AA~AE열)
B43: 판정 결과 | D43: 주황 = 자동 판정 (소싱현황 AF~AI열)

Sheet 세율표
B2: 종합소득세 누진세율 (개인 일반사업자) — 지방소득세 10% 포함
B3: 과세표준 하한 | C3: 과세표준 상한 | D3: 소득세율 | E3: 지방포함 | F3: 비고
B4: 0 | C4: 14000000 | D4: 0.06 | E4: =D4*1.1 | F4: 1,400만원 이하
B5: 14000000 | C5: 50000000 | D5: 0.15 | E5: =D5*1.1 | F5: 1,400만 ~ 5,000만
B6: 50000000 | C6: 88000000 | D6: 0.24 | E6: =D6*1.1 | F6: 5,000만 ~ 8,800만
B7: 88000000 | C7: 150000000 | D7: 0.35 | E7: =D7*1.1 | F7: 8,800만 ~ 1.5억
B8: 150000000 | C8: 300000000 | D8: 0.38 | E8: =D8*1.1 | F8: 1.5억 ~ 3억
B9: 300000000 | C9: 500000000 | D9: 0.4 | E9: =D9*1.1 | F9: 3억 ~ 5억
B10: 500000000 | C10: 1000000000 | D10: 0.42 | E10: =D10*1.1 | F10: 5억 ~ 10억
B11: 1000000000 | C11: 이상 | D11: 0.45 | E11: =D11*1.1 | F11: 10억 초과
B13: ※ 단위 마진에 적용하는 것은 '한계세율'입니다. 1개 더 팔 때 늘어나는 세금이므로 누진공제는 반영하지 않습니다(원본 V3의 R×16% 방식과 동일한 취지).
B14: ※ 참고 - 법인세: 과표 2억 이하 9%(지방포함 9.9%), 2억~200억 19%(20.9%). 원본 V3의 16%는 개인 1,400만~5,000만 구간(16.5%)에 가깝습니다.
B15: ※ 4대보험·건강보험료는 미반영. 실제 수령액은 이보다 낮을 수 있습니다.
